Ingredient Name,Category,Safety Level,Allergy Risk,Health Impact,Processing Level,Regulatory Status,Packaging Names / Alternate Names
Acesulfame Potassium,Artificial Sweeteners,Moderate Risk,No Risk,Negative,Ultra Processed,Approved with Limits,acesulfame potassium; acesulfame k; ace-k; ins 950; e950
Acetic Acid,Acidity Regulators,Safe,No Risk,Neutral,Processed,Approved,acetic acid; ins 260; e260
Activated Carbon,Processing Aids,Safe,No Risk,Neutral,Highly Processed,Approved with Limits,activated carbon; activated charcoal
Adipic Acid,Acidity Regulators,Safe,No Risk,Neutral,Processed,Approved,adipic acid; ins 355; e355
Agar-Agar,Gelling Agents,Safe,No Risk,Neutral,Processed,Approved,agar-agar; agar; china grass; ins 406; e406
Ajwain (Carom Seeds),Herbs & Spices,Very Safe,No Risk,Positive,Natural,Approved,ajwain; carom seeds
Almonds,Nuts & Seeds,Safe,High,Very Positive,Natural,Approved,almonds; badam
Amaranth (Rajgira),Cereals & Grains,Very Safe,No Risk,Positive,Minimally Processed,Approved,amaranth; rajgira; ramdana
Amla (Indian Gooseberry) Extract,Fruits,Very Safe,No Risk,Positive,Minimally Processed,Approved,amla extract; indian gooseberry extract
Ammonium Alginate,Stabilizers,Safe,No Risk,Neutral,Processed,Approved,ammonium alginate; ins 403; e403
Ammonium Bicarbonate,Raising Agents,Safe,No Risk,Neutral,Processed,Approved,ammonium bicarbonate; baker's ammonia; ins 503(ii)
Ammonium Phosphatide,Emulsifiers,Moderate Risk,No Risk,Neutral,Highly Processed,Approved,ammonium phosphatide; ins 442; e442
Amylase,Enzymes,Safe,Low,Neutral,Processed,Approved,amylase; diastase
Anhydrous Milk Fat,Dairy Ingredients,Safe,Medium,Neutral,Processed,Approved,anhydrous milk fat; amf
Anise Seed,Herbs & Spices,Very Safe,No Risk,Positive,Natural,Approved,anise seed
Annatto Extract,Food Colours,Safe,No Risk,Neutral,Minimally Processed,Approved,annatto extract; annatto; ins 160b; e160b
Anthocyanin,Food Colours,Very Safe,No Risk,Positive,Minimally Processed,Approved,anthocyanin; ins 163; e163
Apple Pulp,Fruits,Very Safe,No Risk,Positive,Minimally Processed,Approved,apple pulp; apple puree
Apricot Puree,Fruits,Very Safe,No Risk,Positive,Minimally Processed,Approved,apricot puree
Argon,Packaging Gas Ingredients,Very Safe,No Risk,Neutral,Processed,Approved,argon; ins 938; e938
Arrowroot Starch,Flour & Starch,Safe,No Risk,Neutral,Processed,Approved,arrowroot starch; arrowroot powder; tikhur
Artificial Butter Flavour,Artificial Flavours,Moderate Risk,Low,Neutral,Ultra Processed,Approved,artificial butter flavour; butter flavour (artificial)
Artificial Cheese Flavour,Artificial Flavours,Moderate Risk,Low,Neutral,Ultra Processed,Approved,artificial cheese flavour; cheese flavour (artificial)
Artificial Chocolate Flavour,Artificial Flavours,Moderate Risk,Low,Neutral,Ultra Processed,Approved,artificial chocolate flavour; chocolate flavour (artificial)
Artificial Fruit Flavour,Artificial Flavours,Moderate Risk,Low,Neutral,Ultra Processed,Approved,artificial fruit flavour; mixed fruit flavour (artificial)
Artificial Mango Flavour,Artificial Flavours,Moderate Risk,Low,Neutral,Ultra Processed,Approved,artificial mango flavour; mango flavour (artificial)
Artificial Mint Flavour,Artificial Flavours,Moderate Risk,Low,Neutral,Ultra Processed,Approved,artificial mint flavour; mint flavour (artificial)
Artificial Orange Flavour,Artificial Flavours,Moderate Risk,Low,Neutral,Ultra Processed,Approved,artificial orange flavour; orange flavour (artificial)
Artificial Pineapple Flavour,Artificial Flavours,Moderate Risk,Low,Neutral,Ultra Processed,Approved,artificial pineapple flavour; pineapple flavour (artificial)
Artificial Strawberry Flavour,Artificial Flavours,Moderate Risk,Low,Neutral,Ultra Processed,Approved,artificial strawberry flavour; strawberry flavour (artificial)
Artificial Vanilla Flavour,Artificial Flavours,Moderate Risk,Low,Neutral,Ultra Processed,Approved,artificial vanilla flavour; vanilla flavour (artificial); synthetic vanilla flavour; vanillin flavour
Asafoetida (Hing),Herbs & Spices,Very Safe,Low,Positive,Natural,Approved,asafoetida; hing
Ascorbic Acid (Vitamin C),Antioxidants,Very Safe,No Risk,Positive,Processed,Approved,ascorbic acid; vitamin c; ins 300; e300
Ascorbyl Palmitate,Antioxidants,Safe,No Risk,Positive,Processed,Approved,ascorbyl palmitate; ins 304; e304
Aspartame,Artificial Sweeteners,Moderate Risk,No Risk,Negative,Ultra Processed,Approved with Limits,aspartame; ins 951; e951
Autolyzed Yeast Extract,Flavour Enhancers,Safe,No Risk,Neutral,Ultra Processed,Approved,autolyzed yeast extract; autolysed yeast extract
BHA (Butylated Hydroxyanisole),Antioxidants,High Risk,No Risk,Negative,Ultra Processed,Approved with Limits,bha; butylated hydroxyanisole; ins 320; e320
BHT (Butylated Hydroxytoluene),Antioxidants,High Risk,No Risk,Negative,Ultra Processed,Approved with Limits,bht; butylated hydroxytoluene; ins 321; e321
Baby Corn,Vegetables,Very Safe,No Risk,Positive,Minimally Processed,Approved,baby corn
Bajra (Pearl Millet),Cereals & Grains,Very Safe,No Risk,Positive,Minimally Processed,Approved,bajra; pearl millet
Baking Powder,Raising Agents,Safe,No Risk,Neutral,Processed,Approved,baking powder
Banana Puree,Fruits,Very Safe,No Risk,Positive,Minimally Processed,Approved,banana puree; kela puree
Barley,Cereals & Grains,Very Safe,Low,Positive,Minimally Processed,Approved,barley; jau
Bay Leaf,Herbs & Spices,Very Safe,No Risk,Positive,Natural,Approved,bay leaf; tej patta
Beeswax,Glazing Agents,Safe,No Risk,Neutral,Minimally Processed,Approved,beeswax; ins 901; e901
Beet Red (Betanin),Food Colours,Safe,No Risk,Neutral,Minimally Processed,Approved,beet red; betanin; ins 162; e162
Beetroot Powder,Vegetables,Very Safe,No Risk,Positive,Minimally Processed,Approved,beetroot powder; chukandar powder
Bengal Gram,Pulses & Legumes,Very Safe,Low,Positive,Minimally Processed,Approved,bengal gram; chana; desi chana
Bentonite Clay,Processing Aids,Moderate Risk,No Risk,Neutral,Highly Processed,Approved with Limits,bentonite clay; bentonite
Benzoic Acid,Preservatives,Moderate Risk,No Risk,Negative,Processed,Approved with Limits,benzoic acid; ins 210; e210
Beta-Carotene,Food Colours,Very Safe,No Risk,Positive,Processed,Approved,beta-carotene; provitamin a colour; ins 160a; e160a
Biotin,Vitamins,Safe,No Risk,Positive,Processed,Approved,biotin; vitamin b7; vitamin h
Bitter Gourd Powder,Vegetables,Very Safe,No Risk,Positive,Minimally Processed,Approved,bitter gourd powder; karela powder
Black Cardamom,Herbs & Spices,Very Safe,No Risk,Positive,Natural,Approved,black cardamom; badi elaichi
Black Currant Extract,Fruits,Very Safe,No Risk,Positive,Minimally Processed,Approved,black currant extract
Black Gram (Urad Dal),Pulses & Legumes,Very Safe,Low,Positive,Minimally Processed,Approved,black gram; urad dal; urad
Black Pepper,Herbs & Spices,Very Safe,No Risk,Positive,Natural,Approved,black pepper; kali mirch
Black Salt (Kala Namak),Herbs & Spices,Very Safe,No Risk,Neutral,Natural,Approved,black salt; kala namak
Black-Eyed Peas (Lobia),Pulses & Legumes,Very Safe,Low,Positive,Minimally Processed,Approved,black-eyed peas; lobia; chawli
Blueberry Puree,Fruits,Very Safe,No Risk,Positive,Minimally Processed,Approved,blueberry puree
Bottle Gourd,Vegetables,Very Safe,No Risk,Positive,Minimally Processed,Approved,bottle gourd; lauki; doodhi
Brilliant Blue FCF,Food Colours,High Risk,Low,Negative,Processed,Approved,brilliant blue fcf; blue 1; ins 133; e133
Broccoli Powder,Vegetables,Very Safe,No Risk,Positive,Minimally Processed,Approved,broccoli powder
Bromelain,Enzymes,Safe,Low,Neutral,Processed,Approved,bromelain; pineapple enzyme
Brown Rice,Cereals & Grains,Very Safe,No Risk,Positive,Minimally Processed,Approved,brown rice; unpolished rice
Brown Sugar,Sweeteners,Moderate Risk,No Risk,Negative,Processed,Approved,brown sugar
Buckwheat (Kuttu),Cereals & Grains,Very Safe,No Risk,Positive,Minimally Processed,Approved,buckwheat; kuttu; kuttu atta
Butter,Dairy Ingredients,Safe,Medium,Neutral,Processed,Approved,butter; makkhan
Buttermilk Powder,Dairy Ingredients,Safe,Medium,Neutral,Processed,Approved,buttermilk powder; dried buttermilk
Cabbage,Vegetables,Very Safe,No Risk,Positive,Minimally Processed,Approved,cabbage; patta gobi; bandh gobi
Calcium Ascorbate (Vitamin C),Vitamins,Safe,No Risk,Positive,Processed,Approved,calcium ascorbate; vitamin c (calcium salt)
Calcium Carbonate,Minerals,Safe,No Risk,Positive,Processed,Approved,calcium carbonate; chalk; ins 170; e170
Calcium Caseinate,Dairy Ingredients,Safe,Medium,Neutral,Processed,Approved,calcium caseinate
Calcium Chloride,Processing Aids,Moderate Risk,No Risk,Neutral,Highly Processed,Approved with Limits,calcium chloride; ins 509; e509
Calcium Citrate,Minerals,Safe,No Risk,Positive,Processed,Approved,calcium citrate; ins 333
Calcium Disodium EDTA,Preservatives,Moderate Risk,No Risk,Negative,Processed,Approved with Limits,calcium disodium edta; ins 385; e385
Calcium Lactate,Acidity Regulators,Safe,No Risk,Neutral,Processed,Approved,calcium lactate; ins 327; e327
Calcium Phosphate,Minerals,Safe,No Risk,Positive,Processed,Approved,calcium phosphate; ins 341
Calcium Propionate,Preservatives,Safe,No Risk,Neutral,Processed,Approved with Limits,calcium propionate; ins 282; e282
Calcium Silicate,Anti-Caking Agents,Safe,No Risk,Neutral,Processed,Approved,calcium silicate; ins 552; e552
Calcium Sorbate,Preservatives,Safe,No Risk,Negative,Processed,Approved with Limits,calcium sorbate; ins 203; e203
Calcium Stearoyl Lactylate,Emulsifiers,Safe,No Risk,Neutral,Highly Processed,Approved,calcium stearoyl lactylate; csl; ins 482
Calcium Sulphite,Preservatives,High Risk,Medium,Negative,Processed,Approved with Limits,calcium sulphite; ins 226; e226
Candelilla Wax,Glazing Agents,Safe,No Risk,Neutral,Minimally Processed,Approved,candelilla wax; ins 902; e902
Candied Orange Peel,Fruits,Very Safe,No Risk,Positive,Minimally Processed,Approved,candied orange peel; orange peel confit
Canola Oil,Vegetable Oils,Safe,No Risk,Neutral,Processed,Approved,canola oil; rapeseed oil (low erucic)
Capsicum (Bell Pepper),Vegetables,Very Safe,No Risk,Positive,Minimally Processed,Approved,capsicum; bell pepper; shimla mirch
Caramel Colour,Food Colours,Moderate Risk,No Risk,Neutral,Processed,Approved,caramel colour; caramel color; ins 150; e150
Caraway Seeds,Herbs & Spices,Very Safe,No Risk,Positive,Natural,Approved,caraway seeds; shia jeera
Carbon Black (Vegetable Carbon),Food Colours,Moderate Risk,No Risk,Neutral,Processed,Restricted,carbon black; vegetable carbon; ins 153; e153
Carbon Dioxide,Packaging Gas Ingredients,Very Safe,No Risk,Neutral,Processed,Approved,carbon dioxide; co2; ins 290; e290
Carboxymethyl Cellulose,Thickeners,Safe,No Risk,Neutral,Processed,Approved,carboxymethyl cellulose; cmc; cellulose gum; ins 466; e466
Carmoisine (Red),Food Colours,High Risk,Medium,Negative,Processed,Approved,carmoisine; azorubine; ins 122; e122
Carnauba Wax,Glazing Agents,Safe,No Risk,Neutral,Minimally Processed,Approved,carnauba wax; ins 903; e903
Carrageenan,Stabilizers,Safe,No Risk,Neutral,Processed,Approved,carrageenan; ins 407; e407
Carrot Powder,Vegetables,Very Safe,No Risk,Positive,Minimally Processed,Approved,carrot powder; gajar powder
Casein,Dairy Ingredients,Safe,Medium,Neutral,Processed,Approved,casein; milk casein
Casein Protein,Protein Sources,Safe,Medium,Positive,Highly Processed,Approved,casein protein; casein; milk casein
Cashew Nuts,Nuts & Seeds,Safe,High,Positive,Natural,Approved,cashew nuts; kaju
Cassia Gum,Thickeners,Safe,No Risk,Neutral,Processed,Approved,cassia gum; ins 427; e427
Catalase,Enzymes,Safe,Low,Neutral,Processed,Approved,catalase
Cauliflower,Vegetables,Very Safe,No Risk,Positive,Minimally Processed,Approved,cauliflower; gobi; phool gobi
Celery,Vegetables,Very Safe,No Risk,Positive,Minimally Processed,Approved,celery
Celery Seeds,Herbs & Spices,Very Safe,No Risk,Positive,Natural,Approved,celery seeds
Chaat Masala,Herbs & Spices,Very Safe,No Risk,Positive,Natural,Approved,chaat masala
Cheese,Dairy Ingredients,Safe,Medium,Neutral,Processed,Approved,cheese; processed cheese; cheddar cheese
Chestnut Flour,Flour & Starch,Safe,No Risk,Neutral,Processed,Approved,chestnut flour
Chia Seeds,Nuts & Seeds,Safe,Low,Very Positive,Natural,Approved,chia seeds
Chicken Masala,Herbs & Spices,Very Safe,No Risk,Positive,Natural,Approved,chicken masala
Chickpea Flour (Besan),Pulses & Legumes,Very Safe,Low,Positive,Minimally Processed,Approved,chickpea flour; besan; gram flour
Chickpea Protein,Pulses & Legumes,Very Safe,Low,Positive,Minimally Processed,Approved,chickpea protein; gram protein
Chlorophyll,Food Colours,Very Safe,No Risk,Neutral,Minimally Processed,Approved,chlorophyll; ins 140; e140
Choline,Vitamins,Safe,No Risk,Positive,Processed,Approved,choline; choline bitartrate; choline chloride
Chromium Chloride,Minerals,Safe,No Risk,Positive,Processed,Approved,chromium chloride
Cinnamon,Herbs & Spices,Very Safe,No Risk,Positive,Natural,Approved,cinnamon; dalchini
Citric Acid,Acidity Regulators,Safe,No Risk,Neutral,Processed,Approved,citric acid; acidity regulator (330); ins 330; e330
Clarified Gellan Gum,Gelling Agents,Safe,No Risk,Neutral,Processed,Approved,clarified gellan gum; ins 418
Cloves,Herbs & Spices,Very Safe,No Risk,Positive,Natural,Approved,cloves; laung
Coconut Milk,Fruits,Very Safe,No Risk,Positive,Minimally Processed,Approved,coconut milk; nariyal doodh
Coconut Oil,Vegetable Oils,Moderate Risk,No Risk,Neutral,Processed,Approved,coconut oil; nariyal tel
Coconut Water,Fruits,Very Safe,No Risk,Positive,Minimally Processed,Approved,coconut water; nariyal pani
Collagen Peptides,Protein Sources,Safe,Medium,Positive,Highly Processed,Approved,collagen peptides; hydrolyzed collagen; collagen hydrolysate
Condensed Milk,Dairy Ingredients,Moderate Risk,Medium,Negative,Processed,Approved,condensed milk; sweetened condensed milk
Copper Chlorophyllin,Food Colours,Safe,No Risk,Neutral,Processed,Approved,copper chlorophyllin; ins 141; e141
Copper Sulphate,Minerals,Safe,No Risk,Positive,Processed,Approved,copper sulphate; copper sulfate
Coriander Seed,Herbs & Spices,Very Safe,No Risk,Positive,Natural,Approved,coriander seed; dhania
Corn (Maize),Cereals & Grains,Very Safe,No Risk,Positive,Minimally Processed,Approved,corn; maize; makka; makai
Corn Flour,Flour & Starch,Safe,No Risk,Neutral,Processed,Approved,corn flour; maize flour; makka atta
Corn Oil,Vegetable Oils,Safe,No Risk,Neutral,Processed,Approved,corn oil; maize oil
Corn Starch,Flour & Starch,Safe,No Risk,Neutral,Processed,Approved,corn starch; cornstarch; corn flour (british usage); maize starch
Corn Syrup Solids,Sweeteners,Moderate Risk,No Risk,Negative,Highly Processed,Approved,corn syrup solids
Cornmeal,Cereals & Grains,Very Safe,No Risk,Positive,Minimally Processed,Approved,cornmeal; maize meal
Cottonseed Oil,Vegetable Oils,Moderate Risk,No Risk,Negative,Processed,Approved,cottonseed oil; kapas tel; banaspati cotton oil
Cream,Dairy Ingredients,Safe,Medium,Neutral,Processed,Approved,cream; milk cream; malai
Cream of Tartar,Raising Agents,Safe,No Risk,Neutral,Processed,Approved,cream of tartar; potassium bitartrate; ins 336
Cultured Buttermilk,Dairy Ingredients,Safe,Medium,Neutral,Processed,Approved,cultured buttermilk; chaas culture
Cumin,Herbs & Spices,Very Safe,No Risk,Positive,Natural,Approved,cumin; jeera
Curcumin (Natural Yellow),Food Colours,Very Safe,No Risk,Very Positive,Minimally Processed,Approved,curcumin; natural yellow; turmeric colour; ins 100; e100
Curd Culture,Dairy Ingredients,Safe,Medium,Neutral,Processed,Approved,curd culture; yogurt culture; dahi culture; starter culture
Curry Powder,Herbs & Spices,Very Safe,No Risk,Positive,Natural,Approved,curry powder
Custard Apple Pulp,Fruits,Very Safe,No Risk,Positive,Minimally Processed,Approved,custard apple pulp; sitaphal pulp
Dairy Whitener,Dairy Ingredients,Safe,Medium,Neutral,Processed,Approved,dairy whitener; milk whitener; whitener powder
Date Sugar,Sweeteners,Safe,No Risk,Positive,Processed,Approved,date sugar; khajoor sugar
Dates,Fruits,Very Safe,No Risk,Positive,Minimally Processed,Approved,dates; khajoor
Dextrose Monohydrate,Flour & Starch,Safe,No Risk,Negative,Processed,Approved,dextrose monohydrate; dextrose; glucose; corn sugar; grape sugar
Diacetyl Tartaric Acid Esters (DATEM),Emulsifiers,Moderate Risk,No Risk,Neutral,Highly Processed,Approved,datem; diacetyl tartaric acid esters of mono and diglycerides; ins 472e; e472e
Diammonium Phosphate,Raising Agents,Safe,No Risk,Neutral,Processed,Approved,diammonium phosphate; dap; ins 342(ii)
Diatomaceous Earth,Processing Aids,Moderate Risk,No Risk,Neutral,Highly Processed,Approved with Limits,diatomaceous earth; kieselguhr
Dill Seeds,Herbs & Spices,Very Safe,No Risk,Positive,Natural,Approved,dill seeds; sowa seeds; suva
Disodium 5'-Ribonucleotides,Flavour Enhancers,Moderate Risk,Low,Neutral,Ultra Processed,Approved,disodium 5'-ribonucleotides; ribonucleotides; ins 635; e635
Disodium Guanylate,Flavour Enhancers,Moderate Risk,Low,Neutral,Ultra Processed,Approved,disodium guanylate; gmp; ins 627; e627
Disodium Inosinate,Flavour Enhancers,Moderate Risk,Low,Neutral,Ultra Processed,Approved,disodium inosinate; imp; ins 631; e631
Dried Apricot,Fruits,Very Safe,No Risk,Positive,Minimally Processed,Approved,dried apricot; dried khumani
Dried Basil,Herbs & Spices,Very Safe,No Risk,Positive,Natural,Approved,dried basil
Dried Coriander Leaves,Vegetables,Very Safe,No Risk,Positive,Minimally Processed,Approved,dried coriander leaves; dried dhania patta; kasuri dhania
Dried Cranberries,Fruits,Very Safe,No Risk,Positive,Minimally Processed,Approved,dried cranberries; craisins
Dried Curry Leaves,Vegetables,Very Safe,No Risk,Positive,Minimally Processed,Approved,dried curry leaves; dried kadi patta; dried meetha neem
Dried Fig,Fruits,Very Safe,No Risk,Positive,Minimally Processed,Approved,dried fig; dried anjeer
Dried Mint,Herbs & Spices,Very Safe,No Risk,Positive,Natural,Approved,dried mint; dried pudina
Dried Peas,Vegetables,Very Safe,No Risk,Positive,Minimally Processed,Approved,dried peas; sukhi matar
Dry Ginger,Herbs & Spices,Very Safe,No Risk,Positive,Natural,Approved,dry ginger; sonth; saunth (whole)
Dry Ginger Powder (Sonth),Vegetables,Very Safe,No Risk,Positive,Minimally Processed,Approved,dry ginger powder; sonth; saunth
Dry Mango Powder (Amchur),Herbs & Spices,Very Safe,No Risk,Positive,Natural,Approved,dry mango powder; amchur
Egg White Powder,Protein Sources,Safe,High,Positive,Highly Processed,Approved,egg white powder; dried egg white; albumen powder; egg albumin
Egg Yolk Lecithin,Emulsifiers,Safe,High,Neutral,Highly Processed,Approved,egg yolk lecithin
Erythorbic Acid,Antioxidants,Safe,No Risk,Positive,Processed,Approved,erythorbic acid; isoascorbic acid; ins 315; e315
Erythritol,Artificial Sweeteners,Safe,No Risk,Neutral,Ultra Processed,Approved with Limits,erythritol; ins 968; e968
Erythrosine (Red),Food Colours,High Risk,Medium,Negative,Processed,Approved,erythrosine; red 3; ins 127; e127
Fennel Seeds,Herbs & Spices,Very Safe,No Risk,Positive,Natural,Approved,fennel seeds; saunf
Fenugreek Leaves (Kasuri Methi),Vegetables,Very Safe,No Risk,Positive,Minimally Processed,Approved,fenugreek leaves; kasuri methi; dried methi leaves
Fenugreek Seeds,Herbs & Spices,Very Safe,No Risk,Positive,Natural,Approved,fenugreek seeds; methi dana
Ferric Pyrophosphate,Minerals,Safe,No Risk,Positive,Processed,Approved,ferric pyrophosphate; iron pyrophosphate
Ferrous Sulphate (Iron),Minerals,Safe,No Risk,Positive,Processed,Approved,ferrous sulphate; ferrous sulfate; iron sulfate; iron
Fig Paste,Fruits,Very Safe,No Risk,Positive,Minimally Processed,Approved,fig paste; anjeer paste
Fish Gelatin,Gelling Agents,Safe,High,Neutral,Processed,Approved,fish gelatin
Flax Seeds,Nuts & Seeds,Safe,Low,Very Positive,Natural,Approved,flax seeds; alsi
Folic Acid,Vitamins,Safe,No Risk,Positive,Processed,Approved,folic acid; vitamin b9; folate
Formic Acid,Preservatives,Moderate Risk,No Risk,Negative,Processed,Approved with Limits,formic acid; ins 236
Fructose,Sweeteners,Safe,No Risk,Neutral,Processed,Approved,fructose; fruit sugar
Full Cream Milk Powder,Dairy Ingredients,Safe,Medium,Neutral,Processed,Approved,full cream milk powder; whole milk powder; fcmp
Fumaric Acid,Acidity Regulators,Safe,No Risk,Neutral,Processed,Approved,fumaric acid; ins 297; e297
Furcellaran,Stabilizers,Safe,No Risk,Neutral,Processed,Approved,furcellaran; ins 407a; e407a
Garam Masala,Herbs & Spices,Very Safe,No Risk,Positive,Natural,Approved,garam masala
Garlic Flakes,Vegetables,Very Safe,No Risk,Positive,Minimally Processed,Approved,garlic flakes; dehydrated garlic; lehsun flakes
Garlic Powder,Vegetables,Very Safe,No Risk,Positive,Minimally Processed,Approved,garlic powder; lehsun powder
Gelatin,Gelling Agents,Safe,Low,Neutral,Processed,Approved,gelatin; gelatine
Gellan Gum,Stabilizers,Safe,No Risk,Neutral,Processed,Approved,gellan gum; ins 418; e418
Ghee,Dairy Ingredients,Safe,Low,Neutral,Processed,Approved,ghee; clarified butter
Ginger Paste,Vegetables,Very Safe,No Risk,Positive,Minimally Processed,Approved,ginger paste; adrak paste
Glucono Delta-Lactone,Raising Agents,Safe,No Risk,Neutral,Processed,Approved,glucono delta-lactone; gdl; ins 575
Glucose Syrup,Sweeteners,Moderate Risk,No Risk,Negative,Processed,Approved,glucose syrup; liquid glucose; corn syrup
Glutamic Acid,Flavour Enhancers,Moderate Risk,Low,Neutral,Ultra Processed,Approved,glutamic acid; ins 620; e620
Glycerol (Glycerin),Humectants,Safe,No Risk,Neutral,Processed,Approved,glycerol; glycerin; glycerine; ins 422; e422
Glycerol Monostearate,Emulsifiers,Moderate Risk,No Risk,Neutral,Highly Processed,Approved,glycerol monostearate; gms; mono glyceride; ins 471
Golden Syrup,Sweeteners,Moderate Risk,No Risk,Negative,Processed,Approved,golden syrup
Grape Juice Concentrate,Fruits,Very Safe,No Risk,Positive,Minimally Processed,Approved,grape juice concentrate
Green Beans,Vegetables,Very Safe,No Risk,Positive,Minimally Processed,Approved,green beans; french beans; farasbean
Green Cardamom,Herbs & Spices,Very Safe,No Risk,Positive,Natural,Approved,green cardamom; elaichi; choti elaichi
Green Chilli Paste,Vegetables,Very Safe,No Risk,Positive,Minimally Processed,Approved,green chilli paste; hari mirch paste
Green Gram (Moong Dal),Pulses & Legumes,Very Safe,Low,Positive,Minimally Processed,Approved,green gram; moong dal; mung bean; moong
Green Peas,Pulses & Legumes,Very Safe,Low,Positive,Minimally Processed,Approved,green peas; matar
Groundnut Oil,Vegetable Oils,Safe,High,Neutral,Processed,Approved,groundnut oil; peanut oil; mungfali tel
Guar Gum,Stabilizers,Safe,No Risk,Neutral,Processed,Approved,guar gum; ins 412; e412
Guava Pulp,Fruits,Very Safe,No Risk,Positive,Minimally Processed,Approved,guava pulp; amrud pulp
Gum Arabic (Acacia Gum),Stabilizers,Safe,No Risk,Neutral,Processed,Approved,gum arabic; acacia gum; ins 414; e414
Hazelnuts,Nuts & Seeds,Safe,High,Positive,Natural,Approved,hazelnuts
Hexylene Glycol,Humectants,Moderate Risk,No Risk,Neutral,Processed,Approved,hexylene glycol
High Fructose Corn Syrup,Sweeteners,High Risk,No Risk,Very Negative,Highly Processed,Approved with Limits,high fructose corn syrup; hfcs
Honey,Sweeteners,Safe,No Risk,Positive,Processed,Approved,honey; shahad
Horse Gram (Kulthi),Pulses & Legumes,Very Safe,Low,Positive,Minimally Processed,Approved,horse gram; kulthi; kulith
Hydrochloric Acid (Processing),Processing Aids,Moderate Risk,No Risk,Neutral,Highly Processed,Approved with Limits,hydrochloric acid; muriatic acid; ins 507
Hydrolyzed Vegetable Protein,Flavour Enhancers,Moderate Risk,Medium,Neutral,Ultra Processed,Approved,hydrolyzed vegetable protein; hydrolysed vegetable protein; hvp
Hydrolyzed Whey Protein,Protein Sources,Safe,Medium,Positive,Highly Processed,Approved,hydrolyzed whey protein; hydrolysed whey protein
Hydroxypropyl Methylcellulose,Thickeners,Safe,No Risk,Neutral,Processed,Approved,hydroxypropyl methylcellulose; hpmc; ins 464; e464
Icing Sugar,Sweeteners,Moderate Risk,No Risk,Negative,Processed,Approved,icing sugar; confectioners sugar; powdered sugar
Indigo Carmine,Food Colours,High Risk,Low,Negative,Processed,Approved,indigo carmine; blue 2; ins 132; e132
Inositol,Vitamins,Safe,No Risk,Positive,Processed,Approved,inositol; vitamin b8
Interesterified Vegetable Fat,Vegetable Oils,Moderate Risk,No Risk,Negative,Ultra Processed,Approved,interesterified vegetable fat; interesterified fat
Invert Sugar Syrup,Sweeteners,Moderate Risk,No Risk,Negative,Processed,Approved,invert sugar syrup; invert syrup
Invertase,Enzymes,Safe,Low,Neutral,Processed,Approved,invertase
Ion Exchange Resin,Processing Aids,Moderate Risk,No Risk,Neutral,Highly Processed,Approved with Limits,ion exchange resin
Isinglass,Gelling Agents,Safe,High,Neutral,Processed,Approved,isinglass
Isomalt,Humectants,Safe,No Risk,Neutral,Processed,Approved,isomalt; ins 953
Jackfruit Pulp,Fruits,Very Safe,No Risk,Positive,Minimally Processed,Approved,jackfruit pulp; kathal pulp
Jaggery,Sweeteners,Safe,No Risk,Neutral,Processed,Approved,jaggery; gur
Jowar (Sorghum),Cereals & Grains,Very Safe,No Risk,Positive,Minimally Processed,Approved,jowar; sorghum; juar
Kalonji (Nigella Seeds),Herbs & Spices,Very Safe,No Risk,Positive,Natural,Approved,kalonji; nigella seeds; kalaunji
Kappa Carrageenan,Gelling Agents,Safe,No Risk,Neutral,Processed,Approved,kappa carrageenan; ins 407
Karaya Gum,Stabilizers,Safe,No Risk,Neutral,Processed,Approved,karaya gum; ins 416; e416
Khoya (Mawa),Dairy Ingredients,Safe,Medium,Neutral,Processed,Approved,khoya; mawa
Kidney Beans (Rajma),Pulses & Legumes,Very Safe,Low,Positive,Minimally Processed,Approved,kidney beans; rajma
Kiwi Puree,Fruits,Very Safe,No Risk,Positive,Minimally Processed,Approved,kiwi puree
Kokum,Herbs & Spices,Very Safe,No Risk,Positive,Natural,Approved,kokum
Konjac Gum,Thickeners,Safe,No Risk,Neutral,Processed,Approved,konjac gum; ins 425; e425
Lactase,Enzymes,Safe,Low,Neutral,Processed,Approved,lactase
Lactic Acid,Acidity Regulators,Safe,No Risk,Neutral,Processed,Approved,lactic acid; ins 270; e270
Lactitol,Humectants,Safe,No Risk,Neutral,Processed,Approved,lactitol; ins 966
Lactose,Dairy Ingredients,Safe,Medium,Neutral,Processed,Approved,lactose; milk sugar
Lecithin (Source Unspecified),Emulsifiers,Safe,Medium,Neutral,Highly Processed,Approved,ins 322; lecithin; lecithin (unspecified); e322 (unspecified source)
Lemon Juice Concentrate,Fruits,Very Safe,No Risk,Positive,Minimally Processed,Approved,lemon juice concentrate; nimbu ras concentrate
Lentil Flour,Pulses & Legumes,Very Safe,Low,Positive,Minimally Processed,Approved,lentil flour; dal flour
Lime Juice,Fruits,Very Safe,No Risk,Positive,Minimally Processed,Approved,lime juice; nimbu ras
Lipase,Enzymes,Safe,Low,Neutral,Processed,Approved,lipase
Litchi Pulp,Fruits,Very Safe,No Risk,Positive,Minimally Processed,Approved,litchi pulp; lychee pulp
Locust Bean Gum,Thickeners,Safe,No Risk,Neutral,Processed,Approved,locust bean gum; carob bean gum; ins 410; e410
Long Pepper (Pippali),Herbs & Spices,Very Safe,No Risk,Positive,Natural,Approved,long pepper; pippali
Low Methoxyl Pectin,Gelling Agents,Safe,No Risk,Neutral,Processed,Approved,low methoxyl pectin; lm pectin; ins 440
Mace,Herbs & Spices,Very Safe,No Risk,Positive,Natural,Approved,mace; javitri
Magnesium Carbonate,Anti-Caking Agents,Safe,No Risk,Neutral,Processed,Approved,magnesium carbonate; ins 504; e504
Magnesium Oxide,Minerals,Safe,No Risk,Positive,Processed,Approved,magnesium oxide; ins 530
Magnesium Stearate,Anti-Caking Agents,Safe,No Risk,Neutral,Processed,Approved,magnesium stearate; ins 470; e470
Magnesium Sulphate,Minerals,Safe,No Risk,Positive,Processed,Approved,magnesium sulphate; magnesium sulfate; epsom salt
Malic Acid,Acidity Regulators,Safe,No Risk,Neutral,Processed,Approved,malic acid; ins 296; e296
Malt Extract,Sweeteners,Safe,No Risk,Neutral,Processed,Approved,malt extract
Malted Milk Powder,Dairy Ingredients,Safe,Medium,Neutral,Processed,Approved,malted milk powder; malt milk powder
Maltodextrin,Flour & Starch,Moderate Risk,No Risk,Negative,Highly Processed,Approved,maltodextrin; ins 1400
Maltose,Sweeteners,Safe,No Risk,Neutral,Processed,Approved,maltose; malt sugar
Manganese Sulphate,Minerals,Safe,No Risk,Positive,Processed,Approved,manganese sulphate; manganese sulfate
Mango Pulp,Fruits,Very Safe,No Risk,Positive,Minimally Processed,Approved,mango pulp; aam pulp
Mannitol,Artificial Sweeteners,Moderate Risk,No Risk,Negative,Ultra Processed,Approved with Limits,mannitol; ins 421; e421
Melon Seeds (Magaz),Nuts & Seeds,Safe,High,Positive,Natural,Approved,melon seeds; magaz; muskmelon seeds
Methyl Cellulose,Thickeners,Safe,No Risk,Neutral,Processed,Approved,methyl cellulose; ins 461; e461
Methyl Paraben,Preservatives,Moderate Risk,No Risk,Negative,Processed,Restricted,methyl paraben; methylparaben; ins 218; e218
Methylcellulose Gel,Gelling Agents,Safe,No Risk,Neutral,Processed,Approved,methylcellulose gel; methyl cellulose gel
Milk Fat,Dairy Ingredients,Safe,Medium,Neutral,Processed,Approved,milk fat; butterfat
Milk Protein,Dairy Ingredients,Safe,Medium,Neutral,Processed,Approved,milk protein; total milk protein
Milk Protein Concentrate,Protein Sources,Safe,Medium,Positive,Highly Processed,Approved,milk protein concentrate; mpc
Milk Solids Non-Fat,Dairy Ingredients,Safe,Medium,Neutral,Processed,Approved,milk solids non-fat; msnf; non-fat milk solids
Mineral Oil (Food Grade),Glazing Agents,Moderate Risk,No Risk,Neutral,Minimally Processed,Approved with Limits,mineral oil; food grade mineral oil; white mineral oil
Mixed Tocopherols,Antioxidants,Safe,No Risk,Positive,Processed,Approved,mixed tocopherols; ins 307b
Modified Starch,Flour & Starch,Moderate Risk,No Risk,Neutral,Highly Processed,Approved,modified starch; modified food starch; modified corn starch
Modified Tapioca Starch,Thickeners,Safe,No Risk,Neutral,Processed,Approved,modified tapioca starch
Mono- and Diglycerides of Fatty Acids,Emulsifiers,Moderate Risk,No Risk,Neutral,Highly Processed,Approved,mono and diglycerides of fatty acids; mono-diglycerides; mdg; ins 471; e471
Monocalcium Phosphate,Raising Agents,Safe,No Risk,Neutral,Processed,Approved,monocalcium phosphate; ins 341(i)
Monosodium Glutamate (MSG),Flavour Enhancers,Moderate Risk,Low,Neutral,Ultra Processed,Approved,monosodium glutamate; msg; flavour enhancer (621); ins 621; e621; ajinomoto
Mung Bean Starch,Pulses & Legumes,Very Safe,Low,Positive,Minimally Processed,Approved,mung bean starch; moong starch
Mushroom Powder,Vegetables,Very Safe,No Risk,Positive,Minimally Processed,Approved,mushroom powder; khumb powder
Mustard Oil,Vegetable Oils,Safe,No Risk,Neutral,Processed,Approved,mustard oil; sarson ka tel; kachi ghani oil
Mustard Seeds,Herbs & Spices,Very Safe,No Risk,Positive,Natural,Approved,mustard seeds; rai; sarson
Natamycin,Preservatives,Safe,No Risk,Neutral,Processed,Approved with Limits,natamycin; pimaricin; ins 235; e235
Natural Cardamom Extract,Natural Flavours,Safe,Low,Neutral,Processed,Approved,natural cardamom extract; elaichi extract
Natural Cinnamon Extract,Natural Flavours,Safe,Low,Neutral,Processed,Approved,natural cinnamon extract; dalchini extract
Natural Cocoa Flavour,Natural Flavours,Safe,Low,Neutral,Processed,Approved,natural cocoa flavour; cocoa flavour (natural)
Natural Coffee Extract,Natural Flavours,Safe,Low,Neutral,Processed,Approved,natural coffee extract; coffee extract
Natural Fruit Flavour,Natural Flavours,Safe,Low,Neutral,Processed,Approved,natural fruit flavour; natural mixed fruit flavour
Natural Ginger Extract,Natural Flavours,Safe,Low,Neutral,Processed,Approved,natural ginger extract; adrak extract
Natural Lemon Oil,Natural Flavours,Safe,Low,Neutral,Processed,Approved,natural lemon oil; lemon oil
Natural Mint Extract,Natural Flavours,Safe,Low,Neutral,Processed,Approved,natural mint extract; peppermint extract
Natural Orange Oil,Natural Flavours,Safe,Low,Neutral,Processed,Approved,natural orange oil; orange oil
Natural Vanilla Extract,Natural Flavours,Safe,Low,Neutral,Processed,Approved,natural vanilla extract; vanilla extract
Neotame,Artificial Sweeteners,Moderate Risk,No Risk,Negative,Ultra Processed,Approved with Limits,neotame; ins 961; e961
Nisin,Preservatives,Safe,No Risk,Neutral,Processed,Approved with Limits,nisin; ins 234; e234
Nitrogen,Packaging Gas Ingredients,Very Safe,No Risk,Neutral,Processed,Approved,nitrogen; ins 941; e941
Nitrous Oxide,Packaging Gas Ingredients,Very Safe,No Risk,Neutral,Processed,Approved,nitrous oxide; ins 942; e942
Nutmeg,Herbs & Spices,Very Safe,No Risk,Positive,Natural,Approved,nutmeg; jaiphal
Oats,Cereals & Grains,Very Safe,No Risk,Positive,Minimally Processed,Approved,oats; oat; jai
Olive Oil,Vegetable Oils,Safe,No Risk,Neutral,Processed,Approved,olive oil
Onion Flakes,Vegetables,Very Safe,No Risk,Positive,Minimally Processed,Approved,onion flakes; dehydrated onion; pyaz flakes
Onion Powder,Vegetables,Very Safe,No Risk,Positive,Minimally Processed,Approved,onion powder; pyaz powder
Orange Juice Concentrate,Fruits,Very Safe,No Risk,Positive,Minimally Processed,Approved,orange juice concentrate; oj concentrate
Oregano,Herbs & Spices,Very Safe,No Risk,Positive,Natural,Approved,oregano
Oxygen,Packaging Gas Ingredients,Very Safe,No Risk,Neutral,Processed,Approved,oxygen; ins 948; e948
Palm Kernel Oil,Vegetable Oils,Safe,No Risk,Neutral,Processed,Approved,palm kernel oil
Palm Oil,Vegetable Oils,Moderate Risk,No Risk,Negative,Processed,Approved with Limits,palm oil; palm olein
Palm Sugar,Sweeteners,Safe,No Risk,Neutral,Processed,Approved,palm sugar; taad gur
Panch Phoron,Herbs & Spices,Very Safe,No Risk,Positive,Natural,Approved,panch phoron; bengali five spice mix
Paneer,Dairy Ingredients,Safe,Medium,Neutral,Processed,Approved,paneer; indian cottage cheese
Papain,Enzymes,Safe,Low,Neutral,Processed,Approved,papain; papaya enzyme
Papaya Pulp,Fruits,Very Safe,No Risk,Positive,Minimally Processed,Approved,papaya pulp; papita pulp
Paprika,Herbs & Spices,Very Safe,No Risk,Positive,Natural,Approved,paprika
Paprika Oleoresin,Food Colours,Safe,No Risk,Neutral,Minimally Processed,Approved,paprika oleoresin; paprika extract; ins 160c
Paraffin Wax,Glazing Agents,Moderate Risk,No Risk,Neutral,Minimally Processed,Approved with Limits,paraffin wax; ins 905
Passion Fruit Pulp,Fruits,Very Safe,No Risk,Positive,Minimally Processed,Approved,passion fruit pulp; krishna phal pulp
Pav Bhaji Masala,Herbs & Spices,Very Safe,No Risk,Positive,Natural,Approved,pav bhaji masala
Pea Flour,Pulses & Legumes,Very Safe,Low,Positive,Minimally Processed,Approved,pea flour; matar ka atta
Pea Protein Isolate,Protein Sources,Safe,Medium,Positive,Highly Processed,Approved,pea protein isolate; pea protein
Peach Puree,Fruits,Very Safe,No Risk,Positive,Minimally Processed,Approved,peach puree; aadu puree
Peanuts,Nuts & Seeds,Safe,High,Positive,Natural,Approved,peanuts; groundnuts; mungfali
Pear Puree,Fruits,Very Safe,No Risk,Positive,Minimally Processed,Approved,pear puree; nashpati puree
Pectin,Thickeners,Safe,No Risk,Neutral,Processed,Approved,pectin; ins 440; e440
Pectinase,Enzymes,Safe,Low,Neutral,Processed,Approved,pectinase
Phosphoric Acid,Acidity Regulators,Safe,No Risk,Neutral,Processed,Approved,phosphoric acid; ins 338; e338
Pickling Spice Mix,Herbs & Spices,Very Safe,No Risk,Positive,Natural,Approved,pickling spice mix; achar masala
Pigeon Pea (Toor Dal),Pulses & Legumes,Very Safe,Low,Positive,Minimally Processed,Approved,pigeon pea; toor dal; arhar dal
Pine Nuts,Nuts & Seeds,Safe,High,Positive,Natural,Approved,pine nuts; chilgoza
Pineapple Chunks,Fruits,Very Safe,No Risk,Positive,Minimally Processed,Approved,pineapple chunks; annanas pieces
Pistachios,Nuts & Seeds,Safe,High,Positive,Natural,Approved,pistachios; pista
Polydextrose,Humectants,Safe,No Risk,Neutral,Processed,Approved,polydextrose; ins 1200
Polyglycerol Polyricinoleate (PGPR),Emulsifiers,Moderate Risk,No Risk,Neutral,Highly Processed,Approved with Limits,pgpr; polyglycerol polyricinoleate; ins 476; e476
Polysorbate 60,Emulsifiers,Moderate Risk,No Risk,Negative,Ultra Processed,Approved with Limits,polysorbate 60; ps60; ins 435; e435
Polysorbate 80,Emulsifiers,Moderate Risk,No Risk,Negative,Ultra Processed,Approved with Limits,polysorbate 80; ps80; tween 80; ins 433; e433
Pomegranate Juice,Fruits,Very Safe,No Risk,Positive,Minimally Processed,Approved,pomegranate juice; anar juice
Ponceau 4R,Food Colours,High Risk,Medium,Negative,Processed,Approved,ponceau 4r; cochineal red a; ins 124; e124
Poppy Seeds (Khus Khus),Nuts & Seeds,Safe,Medium,Positive,Natural,Approved,poppy seeds; khus khus; posto
Potassium Alginate,Stabilizers,Safe,No Risk,Neutral,Processed,Approved,potassium alginate; ins 402; e402
Potassium Benzoate,Preservatives,Moderate Risk,No Risk,Negative,Processed,Approved with Limits,potassium benzoate; ins 212; e212
Potassium Chloride,Minerals,Safe,No Risk,Positive,Processed,Approved,potassium chloride; ins 508
Potassium Citrate,Acidity Regulators,Safe,No Risk,Neutral,Processed,Approved,potassium citrate; ins 332; e332
Potassium Ferrocyanide,Anti-Caking Agents,Moderate Risk,No Risk,Neutral,Processed,Approved with Limits,potassium ferrocyanide; ins 536; e536
Potassium Iodate (Iodine),Minerals,Safe,No Risk,Positive,Processed,Approved,potassium iodate; iodine
Potassium Metabisulphite,Preservatives,High Risk,Medium,Negative,Processed,Approved with Limits,potassium metabisulphite; ins 224; e224
Potassium Nitrate,Preservatives,High Risk,No Risk,Negative,Processed,Approved with Limits,potassium nitrate; ins 252; e252
Potassium Phosphate,Minerals,Safe,No Risk,Positive,Processed,Approved,potassium phosphate; ins 340
Potassium Sorbate,Preservatives,Safe,No Risk,Neutral,Processed,Approved with Limits,potassium sorbate; ins 202; e202
Potato Flakes,Vegetables,Very Safe,No Risk,Positive,Minimally Processed,Approved,potato flakes; aloo flakes; dehydrated mashed potato
Potato Starch,Flour & Starch,Safe,No Risk,Neutral,Processed,Approved,potato starch; aloo starch
Pre-gelatinized Starch,Thickeners,Safe,No Risk,Neutral,Processed,Approved,pre-gelatinized starch; pregelatinized starch; instant starch
Propionic Acid,Preservatives,Moderate Risk,No Risk,Negative,Processed,Approved with Limits,propionic acid; ins 280; e280
Propyl Gallate,Antioxidants,Moderate Risk,No Risk,Negative,Processed,Approved with Limits,propyl gallate; ins 310; e310
Propyl Paraben,Preservatives,Moderate Risk,No Risk,Negative,Processed,Restricted,propyl paraben; propylparaben; ins 216; e216
Propylene Glycol,Humectants,Moderate Risk,No Risk,Negative,Processed,Approved,propylene glycol; ins 1520
Propylene Glycol Esters of Fatty Acids,Emulsifiers,Moderate Risk,No Risk,Neutral,Highly Processed,Approved,propylene glycol esters of fatty acids; pge; ins 477; e477
Protease,Enzymes,Safe,Low,Neutral,Processed,Approved,protease; proteolytic enzyme
Prune Puree,Fruits,Very Safe,No Risk,Positive,Minimally Processed,Approved,prune puree; dried plum puree
Psyllium Husk,Thickeners,Safe,No Risk,Neutral,Processed,Approved,psyllium husk; isabgol
Puffed Rice (Murmura),Cereals & Grains,Very Safe,No Risk,Positive,Minimally Processed,Approved,puffed rice; murmura; mamra; lai
Pumpkin Puree,Vegetables,Very Safe,No Risk,Positive,Minimally Processed,Approved,pumpkin puree; kaddu puree
Pumpkin Seeds,Nuts & Seeds,Safe,High,Positive,Natural,Approved,pumpkin seeds; kaddu ke beej
Quinoa,Cereals & Grains,Very Safe,No Risk,Positive,Minimally Processed,Approved,quinoa
Quinoline Yellow,Food Colours,High Risk,Medium,Negative,Processed,Approved,quinoline yellow; ins 104; e104
Radish,Vegetables,Very Safe,No Risk,Positive,Minimally Processed,Approved,radish; mooli
Ragi (Finger Millet),Cereals & Grains,Very Safe,No Risk,Positive,Minimally Processed,Approved,ragi; finger millet; nachni; mandua
Raisins,Fruits,Very Safe,No Risk,Positive,Minimally Processed,Approved,raisins; kishmish
Rasam Powder,Herbs & Spices,Very Safe,No Risk,Positive,Natural,Approved,rasam powder; rasam masala
Red Bell Pepper Powder,Vegetables,Very Safe,No Risk,Positive,Minimally Processed,Approved,red bell pepper powder; lal shimla mirch powder
Red Chilli Powder,Herbs & Spices,Very Safe,No Risk,Positive,Natural,Approved,red chilli powder; lal mirch powder
Red Kidney Bean Flour,Pulses & Legumes,Very Safe,Low,Positive,Minimally Processed,Approved,red kidney bean flour; rajma flour
Red Lentils (Masoor Dal),Pulses & Legumes,Very Safe,Low,Positive,Minimally Processed,Approved,red lentils; masoor dal; masoor
Refined Wheat Flour (Maida),Cereals & Grains,Safe,Medium,Neutral,Processed,Approved,refined wheat flour; maida; refined flour; white flour
Rennet,Enzymes,Safe,Low,Neutral,Processed,Approved,rennet; rennin
Rennet Casein,Dairy Ingredients,Safe,Medium,Neutral,Processed,Approved,rennet casein
Rice Bran,Cereals & Grains,Very Safe,No Risk,Positive,Minimally Processed,Approved,rice bran
Rice Bran Flour,Flour & Starch,Safe,No Risk,Neutral,Processed,Approved,rice bran flour
Rice Bran Oil,Vegetable Oils,Safe,No Risk,Neutral,Processed,Approved,rice bran oil
Rice Flour,Cereals & Grains,Very Safe,No Risk,Positive,Minimally Processed,Approved,rice flour; ground rice; chawal ka atta
Rice Protein,Protein Sources,Safe,Medium,Positive,Highly Processed,Approved,rice protein; rice protein concentrate
Rice Starch,Flour & Starch,Safe,No Risk,Neutral,Processed,Approved,rice starch
Rock Salt,Herbs & Spices,Very Safe,No Risk,Neutral,Natural,Approved,rock salt; sendha namak
Rolled Oats,Cereals & Grains,Very Safe,No Risk,Positive,Minimally Processed,Approved,rolled oats; oat flakes; porridge oats
Rosemary,Herbs & Spices,Very Safe,No Risk,Positive,Natural,Approved,rosemary
Rosemary Extract,Antioxidants,Very Safe,No Risk,Positive,Minimally Processed,Approved,rosemary extract; ins 392
Saccharin,Artificial Sweeteners,Moderate Risk,No Risk,Negative,Ultra Processed,Approved with Limits,saccharin; ins 954; e954
Saffron,Herbs & Spices,Very Safe,No Risk,Positive,Natural,Approved,saffron; kesar
Sago (Sabudana),Flour & Starch,Safe,No Risk,Neutral,Processed,Approved,sago; sabudana; tapioca pearls
Sambar Masala,Herbs & Spices,Very Safe,No Risk,Positive,Natural,Approved,sambar masala; sambhar powder
Semolina (Suji/Rava),Cereals & Grains,Very Safe,No Risk,Positive,Minimally Processed,Approved,semolina; suji; sooji; rava
Sesame Oil,Vegetable Oils,Safe,High,Neutral,Processed,Approved,sesame oil; til oil; gingelly oil
Sesame Seeds,Nuts & Seeds,Safe,High,Positive,Natural,Approved,sesame seeds; til
Shellac,Glazing Agents,Safe,No Risk,Neutral,Minimally Processed,Approved,shellac; ins 904; e904
Sichuan Pepper,Herbs & Spices,Very Safe,No Risk,Positive,Natural,Approved,sichuan pepper; szechuan pepper
Silica Gel (Processing Aid),Processing Aids,Moderate Risk,No Risk,Neutral,Highly Processed,Approved with Limits,silica gel
Silicon Dioxide,Anti-Caking Agents,Safe,No Risk,Neutral,Processed,Approved,silicon dioxide; silica; ins 551; e551
Skimmed Milk Powder,Dairy Ingredients,Safe,Medium,Neutral,Processed,Approved,skimmed milk powder; smp; skim milk powder; non-fat dry milk
Sodium Alginate,Stabilizers,Safe,No Risk,Neutral,Processed,Approved,sodium alginate; ins 401; e401
Sodium Aluminium Phosphate,Raising Agents,Moderate Risk,No Risk,Neutral,Processed,Approved with Limits,sodium aluminium phosphate; salp; ins 541
Sodium Aluminosilicate,Anti-Caking Agents,Safe,No Risk,Neutral,Processed,Approved,sodium aluminosilicate; ins 554; e554
Sodium Ascorbate,Antioxidants,Safe,No Risk,Positive,Processed,Approved,sodium ascorbate; ins 301; e301
Sodium Benzoate,Preservatives,Moderate Risk,No Risk,Negative,Processed,Approved with Limits,sodium benzoate; preservative 211; ins 211; e211
Sodium Bicarbonate,Raising Agents,Safe,No Risk,Neutral,Processed,Approved,sodium bicarbonate; baking soda; bicarbonate of soda; sodium hydrogen carbonate; ins 500(ii); e500(ii)
Sodium Bisulphite,Preservatives,High Risk,Medium,Negative,Processed,Approved with Limits,sodium bisulphite; sodium hydrogen sulphite; ins 222; e222
Sodium Carboxymethyl Cellulose,Thickeners,Safe,No Risk,Neutral,Processed,Approved,sodium carboxymethyl cellulose; sodium cmc; ins 466; e466
Sodium Caseinate,Dairy Ingredients,Safe,Medium,Neutral,Processed,Approved,sodium caseinate; caseinate
Sodium Chloride (Salt),Minerals,Safe,No Risk,Positive,Processed,Approved,sodium chloride; salt; namak; table salt
Sodium Citrate,Acidity Regulators,Safe,No Risk,Neutral,Processed,Approved,sodium citrate; ins 331; e331
Sodium Diacetate,Preservatives,Safe,No Risk,Negative,Processed,Approved with Limits,sodium diacetate; ins 262(ii)
Sodium Erythorbate,Antioxidants,Safe,No Risk,Positive,Processed,Approved,sodium erythorbate; ins 316; e316
Sodium Ferrocyanide,Anti-Caking Agents,Moderate Risk,No Risk,Neutral,Processed,Approved with Limits,sodium ferrocyanide; ins 535; e535
Sodium Hydroxide (Processing),Processing Aids,Moderate Risk,No Risk,Neutral,Highly Processed,Approved with Limits,sodium hydroxide; caustic soda; lye; ins 524
Sodium Lactate,Acidity Regulators,Safe,No Risk,Neutral,Processed,Approved,sodium lactate; ins 325; e325
Sodium Metabisulphite,Preservatives,High Risk,Medium,Negative,Processed,Approved with Limits,sodium metabisulphite; sodium metabisulfite; ins 223; e223
Sodium Molybdate (Molybdenum),Minerals,Safe,No Risk,Positive,Processed,Approved,sodium molybdate; molybdenum
Sodium Nitrate,Preservatives,High Risk,No Risk,Negative,Processed,Approved with Limits,sodium nitrate; ins 251; e251
Sodium Nitrite,Preservatives,High Risk,No Risk,Very Negative,Processed,Approved with Limits,sodium nitrite; ins 250; e250
Sodium Propionate,Preservatives,Safe,No Risk,Neutral,Processed,Approved with Limits,sodium propionate; ins 281; e281
Sodium Selenite (Selenium),Minerals,Safe,No Risk,Positive,Processed,Approved,sodium selenite; selenium
Sodium Stearoyl Lactylate,Emulsifiers,Safe,No Risk,Neutral,Highly Processed,Approved,sodium stearoyl lactylate; ssl; ins 481
Sodium Sulphite,Preservatives,High Risk,Medium,Negative,Processed,Approved with Limits,sodium sulphite; sodium sulfite; ins 221; e221
Sorbic Acid,Preservatives,Safe,No Risk,Negative,Processed,Approved with Limits,sorbic acid; ins 200; e200
Sorbitan Monostearate,Emulsifiers,Moderate Risk,No Risk,Neutral,Highly Processed,Approved,sorbitan monostearate; ins 491; e491
Sorbitol (Humectant),Humectants,Safe,No Risk,Neutral,Processed,Approved,sorbitol; ins 420; e420
Sorbitol (Sweetener),Artificial Sweeteners,Safe,No Risk,Negative,Ultra Processed,Approved with Limits,sorbitol; ins 420; e420
Sorghum Flour,Flour & Starch,Safe,No Risk,Neutral,Processed,Approved,sorghum flour; jowar flour; jowar atta
Soy Flour,Pulses & Legumes,Very Safe,Medium,Positive,Minimally Processed,Approved,soy flour; soya flour
Soy Lecithin,Emulsifiers,Safe,Medium,Neutral,Highly Processed,Approved,soy lecithin; soya lecithin; e322
Soy Protein Concentrate,Protein Sources,Safe,Medium,Positive,Highly Processed,Approved,soy protein concentrate; soya protein concentrate; spc
Soy Protein Isolate,Protein Sources,Safe,Medium,Positive,Highly Processed,Approved,soy protein isolate; soya protein isolate; spi
Soybean,Pulses & Legumes,Very Safe,Medium,Positive,Minimally Processed,Approved,soybean; soya bean; soya
Soybean Oil,Vegetable Oils,Safe,No Risk,Neutral,Processed,Approved,soybean oil; soya oil; soyabean tel
Spinach Powder,Vegetables,Very Safe,No Risk,Positive,Minimally Processed,Approved,spinach powder; palak powder
Star Anise,Herbs & Spices,Very Safe,No Risk,Positive,Natural,Approved,star anise; chakra phool
Steviol Glycosides (Stevia),Artificial Sweeteners,Safe,No Risk,Neutral,Ultra Processed,Approved with Limits,steviol glycosides; stevia; ins 960
Strawberry Puree,Fruits,Very Safe,No Risk,Positive,Minimally Processed,Approved,strawberry puree
Sucralose,Artificial Sweeteners,Moderate Risk,No Risk,Negative,Ultra Processed,Approved with Limits,sucralose; ins 955; e955
Sucrose (Sugar),Sweeteners,Moderate Risk,No Risk,Negative,Processed,Approved,sucrose; sugar; cane sugar; refined sugar
Sucrose Esters of Fatty Acids,Emulsifiers,Moderate Risk,No Risk,Neutral,Highly Processed,Approved,sucrose esters of fatty acids; sucrose esters; ins 473; e473
Sulphur Dioxide,Preservatives,High Risk,Medium,Negative,Processed,Approved with Limits,sulphur dioxide; sulfur dioxide; so2; ins 220; e220
Sunflower Lecithin,Emulsifiers,Safe,No Risk,Neutral,Highly Processed,Approved,sunflower lecithin
Sunflower Oil,Vegetable Oils,Safe,No Risk,Neutral,Processed,Approved,sunflower oil; surajmukhi tel
Sunflower Seeds,Nuts & Seeds,Safe,High,Positive,Natural,Approved,sunflower seeds; surajmukhi beej
Sunset Yellow FCF,Food Colours,High Risk,Medium,Negative,Processed,Approved,sunset yellow fcf; yellow 6; ins 110; e110
Sweet Corn,Vegetables,Very Safe,No Risk,Positive,Minimally Processed,Approved,sweet corn; makai dana
Sweet Potato,Vegetables,Very Safe,No Risk,Positive,Minimally Processed,Approved,sweet potato; shakarkand
TBHQ (Tertiary Butylhydroquinone),Antioxidants,High Risk,No Risk,Negative,Ultra Processed,Approved with Limits,tbhq; tertiary butylhydroquinone; tert-butylhydroquinone; ins 319; e319
Tamarind (Whole),Herbs & Spices,Very Safe,No Risk,Positive,Natural,Approved,tamarind; imli
Tamarind Paste,Vegetables,Very Safe,No Risk,Positive,Minimally Processed,Approved,tamarind paste; imli paste
Tamarind Pulp,Fruits,Very Safe,No Risk,Positive,Minimally Processed,Approved,tamarind pulp; imli pulp
Tandoori Masala,Herbs & Spices,Very Safe,No Risk,Positive,Natural,Approved,tandoori masala
Tapioca Starch,Flour & Starch,Safe,No Risk,Neutral,Processed,Approved,tapioca starch; tapioca flour
Tara Gum,Stabilizers,Safe,No Risk,Neutral,Processed,Approved,tara gum; ins 417; e417
Tartaric Acid,Acidity Regulators,Safe,No Risk,Neutral,Processed,Approved,tartaric acid; ins 334; e334
Tartrazine (Yellow 5),Food Colours,High Risk,Medium,Negative,Processed,Approved,tartrazine; yellow 5; fd&c yellow 5; ins 102; e102
Textured Vegetable Protein (Soy Chunks),Protein Sources,Safe,Medium,Positive,Highly Processed,Approved,soy chunks; soya chunks; textured vegetable protein; tvp; meal maker; soya nuggets; soy nuggets; mini soya chunks; textured soy protein
Thyme,Herbs & Spices,Very Safe,No Risk,Positive,Natural,Approved,thyme
Titanium Dioxide,Food Colours,High Risk,No Risk,Negative,Processed,Banned in Some Countries,titanium dioxide; ins 171; e171
Tocopherols (Vitamin E),Antioxidants,Very Safe,No Risk,Positive,Processed,Approved,tocopherols; ins 307; e307
Tomato Paste,Vegetables,Very Safe,No Risk,Positive,Minimally Processed,Approved,tomato paste; tamatar paste
Tomato Powder,Vegetables,Very Safe,No Risk,Positive,Minimally Processed,Approved,tomato powder; tamatar powder
Tragacanth Gum,Stabilizers,Safe,No Risk,Neutral,Processed,Approved,tragacanth gum; gum tragacanth; ins 413; e413
Triacetin,Humectants,Safe,No Risk,Neutral,Processed,Approved,triacetin; glyceryl triacetate; ins 1518
Tricalcium Phosphate,Anti-Caking Agents,Safe,No Risk,Neutral,Processed,Approved,tricalcium phosphate; ins 341(iii); e341
Turmeric,Herbs & Spices,Very Safe,No Risk,Positive,Natural,Approved,turmeric; haldi
Turnip,Vegetables,Very Safe,No Risk,Positive,Minimally Processed,Approved,turnip; shalgam
Vanaspati (Hydrogenated Vegetable Oil),Vegetable Oils,High Risk,No Risk,Very Negative,Ultra Processed,Approved,vanaspati; hydrogenated vegetable oil; hydrogenated vegetable fat; vanaspati ghee
Vanilla Pods,Herbs & Spices,Very Safe,No Risk,Positive,Natural,Approved,vanilla pods; vanilla beans
Vital Wheat Gluten,Flour & Starch,Safe,High,Neutral,Processed,Approved,vital wheat gluten; wheat gluten; seitan protein
Vitamin A (Retinyl Palmitate),Vitamins,Safe,No Risk,Positive,Processed,Approved,vitamin a; retinyl palmitate; retinol
Vitamin B1 (Thiamine),Vitamins,Safe,No Risk,Positive,Processed,Approved,vitamin b1; thiamine; thiamin
Vitamin B12 (Cyanocobalamin),Vitamins,Safe,No Risk,Positive,Processed,Approved,vitamin b12; cyanocobalamin
Vitamin B2 (Riboflavin),Vitamins,Very Safe,No Risk,Positive,Processed,Approved,riboflavin; vitamin b2; vitamin b2 colour; ins 101; e101
Vitamin B3 (Niacin),Vitamins,Safe,No Risk,Positive,Processed,Approved,vitamin b3; niacin; nicotinamide; niacinamide
Vitamin B5 (Pantothenic Acid),Vitamins,Safe,No Risk,Positive,Processed,Approved,vitamin b5; pantothenic acid; calcium pantothenate
Vitamin B6 (Pyridoxine),Vitamins,Safe,No Risk,Positive,Processed,Approved,vitamin b6; pyridoxine
Vitamin D3 (Cholecalciferol),Vitamins,Safe,No Risk,Positive,Processed,Approved,vitamin d3; cholecalciferol
Vitamin E (Tocopheryl Acetate),Vitamins,Safe,No Risk,Positive,Processed,Approved,tocopheryl acetate; alpha-tocopheryl acetate
Vitamin K (Phylloquinone),Vitamins,Safe,No Risk,Positive,Processed,Approved,vitamin k; phylloquinone; vitamin k1
Walnuts,Nuts & Seeds,Safe,High,Positive,Natural,Approved,walnuts; akhrot
Watermelon Juice,Fruits,Very Safe,No Risk,Positive,Minimally Processed,Approved,watermelon juice; tarbooz juice
Watermelon Seeds,Nuts & Seeds,Safe,High,Positive,Natural,Approved,watermelon seeds; tarbooz beej
Waxy Maize Starch,Thickeners,Safe,No Risk,Neutral,Processed,Approved,waxy maize starch; waxy corn starch
Wheat Bran,Cereals & Grains,Very Safe,Medium,Positive,Minimally Processed,Approved,wheat bran; chokar
Wheat Gluten Protein,Protein Sources,Safe,High,Positive,Highly Processed,Approved,wheat gluten protein; wheat gluten; seitan
Wheat Starch,Flour & Starch,Safe,Medium,Neutral,Processed,Approved,wheat starch
Whey Powder,Dairy Ingredients,Safe,Medium,Neutral,Processed,Approved,whey powder; dried whey; sweet whey powder
Whey Protein Concentrate,Protein Sources,Safe,Medium,Positive,Highly Processed,Approved,whey protein concentrate; wpc
Whey Protein Hydrolysate,Protein Sources,Safe,Medium,Positive,Highly Processed,Approved,whey protein hydrolysate; hydrolysed whey protein
Whey Protein Isolate,Protein Sources,Safe,Medium,Positive,Highly Processed,Approved,whey protein isolate; wpi
Whipping Cream,Dairy Ingredients,Safe,Medium,Neutral,Processed,Approved,whipping cream; whipped cream base
White Peas (Matar),Pulses & Legumes,Very Safe,Low,Positive,Minimally Processed,Approved,white peas; safed matar; dried white peas
White Pepper,Herbs & Spices,Very Safe,No Risk,Positive,Natural,Approved,white pepper; safed mirch
White Rice,Cereals & Grains,Very Safe,No Risk,Positive,Minimally Processed,Approved,white rice; polished rice; chawal
Whole Wheat Flour (Atta),Cereals & Grains,Very Safe,Medium,Positive,Minimally Processed,Approved,whole wheat flour; wheat flour; atta; wholemeal flour; whole meal atta
Xanthan Gum,Stabilizers,Safe,No Risk,Neutral,Processed,Approved,xanthan gum; ins 415; e415
Xylitol,Artificial Sweeteners,Safe,No Risk,Neutral,Ultra Processed,Approved with Limits,xylitol; ins 967; e967
Yeast Extract,Flavour Enhancers,Safe,No Risk,Neutral,Ultra Processed,Approved,yeast extract
Yellow Split Peas (Chana Dal),Pulses & Legumes,Very Safe,Low,Positive,Minimally Processed,Approved,chana dal; split bengal gram; yellow split peas
Zinc Oxide,Minerals,Safe,No Risk,Positive,Processed,Approved,zinc oxide
Zinc Sulphate,Minerals,Safe,No Risk,Positive,Processed,Approved,zinc sulphate; zinc sulfate
Zucchini,Vegetables,Very Safe,No Risk,Positive,Minimally Processed,Approved,zucchini; courgette
